,hash,nonce,block_hash,block_number,transaction_index,from_address,to_address,gas,gas_price,input,block_timestamp,max_fee_per_gas,max_priority_fee_per_gas,transaction_type
0,b']-\xa5\x9b\xa7\xde&\xe9\xa4\x0br\xdf\xc0\xfb#?b\xd3\x83F-\xaa\xaf\xaa\x1b\\\xd1\x9d\xe7\xbf\xce\xb6',428,,,,,,,0xf5c01826000000000000000000000000000000000000000000000000000000000000006000000000000000000000000000000000000000000000000000000000000003c000000000000000000000000000000000000000000000000000000000000009400000000000000000000000000000000000000000000000008ad2a659694307f400000000000000000000000000000000000000000000000000000000000000010000000000000000000000002602278ee1882889b946eb11dc0e810075650983000000000000000000000000f4d2888d29d722226fafa5d9b24f9164c092421e00000000000000000000000000000000000000000003d470cd8cd8a861c0000000000000000000000000000000000000000000000000139bdb26a82c53e00000000000000000000000000000000000000000000000000002b5e3af16b1880000000000000000000000000000c02aaa39b223fe8d0a0e5c4f27ead9083c756cc200000000000000000000000000000000000000000000000000000000000001e0000000000000000000000000000000000000000000000000000000000000024000000000000000000000000000000000000000000000000000000000000002a000000000000000000000000000000000000000000000000000000000000003000000000000000000000000000000000000000000000000000000000000000001000000000000000000000000000000000000000000000000000000000000000000000000000000000000000000000000000000000000000000000000000000000000000000000000000000000000000000000000000000000000000000000002000000000000000000000000dc00ba87cc2d99468f7f34bc04cbf72e111a32f7000000000000000000000000452c60e1e3ae0965cd27db1c7b3a525d197ca0aa0000000000000000000000000000000000000000000000000000000000000002000000000000000000000000000000000000000000000000000000000000000000000000000000000000000000000000000000000000000000000000000000000000000000000000000000000000000000000000000000000000000000000002000000000000000000000000000000000000000000000000000000000000000100000000000000000000000000000000000000000000000000000000000000010000000000000000000000000000000000000000000000000000000000000002000000000000000000000000000000000000000000000000000000000000001e000000000000000000000000000000000000000000000000000000000000001e000000000000000000000000000000000000000000000000000000884d1c43660000000000000000000000002602278ee1882889b946eb11dc0e810075650983000000000000000000000000f4d2888d29d722226fafa5d9b24f9164c092421e000000000000000000000000952fab3b5494e72c3bdc5cf2c156a4061e21eecc0000000000000000000000000000000000000000000000000000000000000000000000000000000000000000000000000000000000000000000000000000000000000000000000000000000000000000000000000003d470cd8cd8a861c0000000000000000000000000000000000000000000000000139bdb26a82c53e0000000000000000000000000000000000000000000000000000000000000000001e00000000000000000000000000000000000000000000000000000000000000200000000000000000000000000000000000000000000000000000000000000022000000000000000000000000000000000000000000000000000000000000002a0000000000000000000000000000000000000000000000000000000000000032000000000000000000000000000000000000000000000000000000000000005400000000000000000000000000000000000000000000000000000000000000560000000000000000000000000000000000000000000000000000000000000000000000000000000000000000000000000000000000000000000000000000000000000000000000000000000000000000000000000000000000000000000000044f4a215c300000000000000000000000000000000000000000003d470cd8cd8a861c0000000000000000000000000000000000000000000000000139bdb26a82c53e00000000000000000000000000000000000000000000000000000000000000000000000000000000000000000000000000000000000000000000000000044296637bf00000000000000000000000000000000000000000003d470cd8cd8a861c0000000000000000000000000000000000000000000000000139bdb26a82c53e000000000000000000000000000000000000000000000000000000000000000000000000000000000000000000000000000000000000000000000000001e4961d5b1e000000000000000000000000000000000000000000000000000000000000004000000000000000000000000000000000000000000000000000000000000000a00000000000000000000000000000000000000000000000000000000000000002000000000000000000000000119c71d3bbac22029622cbaec24854d3d32d2828000000000000000000000000119c71d3bbac22029622cbaec24854d3d32d28280000000000000000000000000000000000000000000000000000000000000002000000000000000000000000000000000000000000000000000000000000004000000000000000000000000000000000000000000000000000000000000000c00000000000000000000000000000000000000000000000000000000000000044cf6fc6e3000000000000000000000000952fab3b5494e72c3bdc5cf2c156a4061e21eecc000000000000000000000000000000000000000000000000000000000000000100000000000000000000000000000000000000000000000000000000000000000000000000000000000000000000000000000000000000000000002463592c2b0000000000000000000000000000000000000000000000000000000063da80d50000000000000000000000000000000000000000000000000000000000000000000000000000000000000000000000000000000000000000000000000000000000000000000000000000000000000000000000000000000000000000000000000000000000000000000000000000000000000000000000000000000000000000000000000000000000000000000000000000000000000080000000000000000000000000000000000000000000000000000000000000000000000000000000000000000000000000000000000000139bdb26a82c53e0000000000000000000000000000000000000000000000000000000000000000000000000000000000000000000000000000000000000000000000000000000000041afe68f2b682d03034fe61ed04969ec9e242fc995e0cdc035b37ff76311158d225a4ac7a51b0959a9da4b2edf5015b613b088b77f06aa2aabb9fa4320d8c1cbed1c00000000000000000000000000000000000000000000000000000000000000,,,,,
1,b'Z2\x11\x10\xea%\x02\xdea\x17\x89\x9eRh\x85\xd3Nr\x90\xe5n\x13\x97\x1f\xc0\xe3\xa2\x82`\x98\x0c\xe7',151,,,,,,,0x5ae401dc00000000000000000000000000000000000000000000000000000000620d87be000000000000000000000000000000000000000000000000000000000000004000000000000000000000000000000000000000000000000000000000000000020000000000000000000000000000000000000000000000000000000000000040000000000000000000000000000000000000000000000000000000000000016000000000000000000000000000000000000000000000000000000000000000e45023b4df0000000000000000000000007d647b1a0dcd5525e9c6b3d14be58f27674f8c95000000000000000000000000c02aaa39b223fe8d0a0e5c4f27ead9083c756cc2000000000000000000000000000000000000000000000000000000000000271000000000000000000000000000000000000000000000000000000000000000020000000000000000000000000000000000000000000000000de0b6b3a764000000000000000000000000000000000000000000000000000ba2c0a4c09b14bb54000000000000000000000000000000000000000000000000000000000000000000000000000000000000000000000000000000000000000000000000000000000000000000000000000000000000000000000000000000000000004449404b7c0000000000000000000000000000000000000000000000000de0b6b3a76400000000000000000000000000009cb54db0072194bf718a70c54fd095e1f32086aa00000000000000000000000000000000000000000000000000000000,,,,,
2,"b""\x9f\xfc\x14}\xe4\xafgKg\x85\xfa\xc7\xfeoO\x00^\xa9(*\x18KG\x91\xec\x86'N\x11:.q""",215,,,,,,,0x095ea7b30000000000000000000000007a250d5630b4cf539739df2c5dacb4c659f2488dffffffffffffffffffffffffffffffffffffffffffffffffffffffffffffffff,,,,,
3,b'k:\xf6\r\xb9?\xa3\x0f\xb0\x87}\x14\xd8\xb1Y+\xa4\x9da$\xd4>\x0e\xe92Wx%\tv\x00H',2,,,,,,,0x,,,,,
4,b'$>\xa3\xc1x\x17\x08\x87RQ\xd9\xeb\xa9\xf5.Z\x92\xb8\x95\x92\xfbd\xa0\x86s\xfa\xf1\x95\th\xed\xd0',1011907,,,,,,,0x,,,,,
5,"b'\x96o\xcf,\x81H\x0c\x08\xbd\xe0\xab\xf9\xd4\xad\xbe\xb0J\r\x876\xe4T6\x08\x9aP\x88\x9a*g6\xcf'",441,,,,,,,0x79b655d40000000000000000000000000000000000000000000000000000000000000002000000000000000000000000000000000000000000000000000000000000000200000000000000000000000000000000000000000000000000000000000000600000000000000000000000000000000000000000000000000000000000000041f7ad7ea791d1a25d94a4f1c52125219f4e47b91e22eb481173e08112c4885b5b620d18d04998187b57508e6daa16367f55c0fd65caf95a0a04c4ff0611be68cc1b00000000000000000000000000000000000000000000000000000000000000,,,,,
6,b'\x17\x1d\x19\xa2 \x85o\x97\xa3\x19PP\xdad\x10]Y\x12\x02\x00\x1e\x9c\t\x01OP\x89\xd5O>\xc7\xa7',256,,,,,,,0x095ea7b30000000000000000000000007a250d5630b4cf539739df2c5dacb4c659f2488dffffffffffffffffffffffffffffffffffffffffffffffffffffffffffffffff,,,,,
7,b'q\x0fl\x92\x94\x04<\xcd:EL\x8d\x8f&UlL\xb0W\xf5\xdb\x810\xd0\xd4\xf2HML*\x88\xbb',44,,,,,,,0xab834bab0000000000000000000000007be8076f4ea4a4ad08075c2508e481d6c946d12b00000000000000000000000091eb9e49b2af86adfebf7ad1c2b7654afd727fe5000000000000000000000000a455e86b6cf46af34242eb2a5adc53bdc620f2c40000000000000000000000000000000000000000000000000000000000000000000000000000000000000000dba1365c16980a5b82170bbcc7a33fb0bc05af8b000000000000000000000000000000000000000000000000000000000000000000000000000000000000000000000000000000000000000000000000000000000000000000000000000000007be8076f4ea4a4ad08075c2508e481d6c946d12b000000000000000000000000a455e86b6cf46af34242eb2a5adc53bdc620f2c400000000000000000000000000000000000000000000000000000000000000000000000000000000000000005b3256965e7c3cf26e11fcaf296dfc8807c01073000000000000000000000000dba1365c16980a5b82170bbcc7a33fb0bc05af8b0000000000000000000000000000000000000000000000000000000000000000000000000000000000000000000000000000000000000000000000000000000000000000000000000000000000000000000000000000000000000000000001f4000000000000000000000000000000000000000000000000000000000000000000000000000000000000000000000000000000000000000000000000000000000000000000000000000000000000000000000000000000000000000000000000000000000000000000000000000000000000000000000000016345785d8a0000000000000000000000000000000000000000000000000000000000000000000000000000000000000000000000000000000000000000000000000000620d80c600000000000000000000000000000000000000000000000000000000000000008beb7954ccf306afa90a24535f82ac7162631609459ba7941b3a508ec22581f100000000000000000000000000000000000000000000000000000000000001f4000000000000000000000000000000000000000000000000000000000000000000000000000000000000000000000000000000000000000000000000000000000000000000000000000000000000000000000000000000000000000000000000000000000000000000000000000000000000000000000000016345785d8a000000000000000000000000000000000000000000000000000000000000000000000000000000000000000000000000000000000000000000000000000061ee654000000000000000000000000000000000000000000000000000000000621744119fcf534363a6766ca8da758dc2d731de7a22bc04cb743057aba855dabd6056950000000000000000000000000000000000000000000000000000000000000001000000000000000000000000000000000000000000000000000000000000000000000000000000000000000000000000000000000000000000000000000000000000000000000000000000000000000000000000000000000000000000000000000000000000000000000000000000000000000000000000000000000000000100000000000000000000000000000000000000000000000000000000000000010000000000000000000000000000000000000000000000000000000000000000000000000000000000000000000000000000000000000000000000000000000000000000000000000000000000000000000000000000000000000000000006a0000000000000000000000000000000000000000000000000000000000000074000000000000000000000000000000000000000000000000000000000000007e0000000000000000000000000000000000000000000000000000000000000088000000000000000000000000000000000000000000000000000000000000009200000000000000000000000000000000000000000000000000000000000000940000000000000000000000000000000000000000000000000000000000000001c000000000000000000000000000000000000000000000000000000000000001cd5b49bec22d74594624a1f12a14d96f08ab64a746142e5b5fb88e0bcc0e891216d873250cd1e9bb61054eb711efef880f5dddd78309d38cc13ff302d60e05c6fd5b49bec22d74594624a1f12a14d96f08ab64a746142e5b5fb88e0bcc0e891216d873250cd1e9bb61054eb711efef880f5dddd78309d38cc13ff302d60e05c6f0000000000000000000000000000000000000000000000000000000000000000000000000000000000000000000000000000000000000000000000000000006423b872dd000000000000000000000000000000000000000000000000000000000000000000000000000000000000000091eb9e49b2af86adfebf7ad1c2b7654afd727fe500000000000000000000000000000000000000000000000000000000000001c500000000000000000000000000000000000000000000000000000000000000000000000000000000000000000000000000000000000000000000006423b872dd000000000000000000000000a455e86b6cf46af34242eb2a5adc53bdc620f2c4000000000000000000000000000000000000000000000000000000000000000000000000000000000000000000000000000000000000000000000000000001c500000000000000000000000000000000000000000000000000000000000000000000000000000000000000000000000000000000000000000000006400000000ffffffffffffffffffffffffffffffffffffffffffffffffffffffffffffffff00000000000000000000000000000000000000000000000000000000000000000000000000000000000000000000000000000000000000000000000000000000000000000000000000000000000000000000000000000000000000000000000000000000000000000000000000000000000000000000000000000064000000000000000000000000000000000000000000000000000000000000000000000000ffffffffffffffffffffffffffffffffffffffffffffffffffffffffffffffff00000000000000000000000000000000000000000000000000000000000000000000000000000000000000000000000000000000000000000000000000000000000000000000000000000000000000000000000000000000000000000000000000000000000000000000000000000000000000000000000000000000,,,,,
8,"b'kU\xfe\xcd\xb7\xbdQ\x7f\x9f\xa66\x16VT\xa1}5\xab\x99\x86\x03\xdc-""\x9fF!\x11\xe6\xd8\xfd6'",260,,,,,,,0x5ae401dc00000000000000000000000000000000000000000000000000000000620d87fa00000000000000000000000000000000000000000000000000000000000000400000000000000000000000000000000000000000000000000000000000000001000000000000000000000000000000000000000000000000000000000000002000000000000000000000000000000000000000000000000000000000000000e4472b43f300000000000000000000000000000000000000000000000003782dace9d9000000000000000000000000000000000000000000000000000000004268c9d1a4f000000000000000000000000000000000000000000000000000000000000000800000000000000000000000005a0aae32f43cdaaa2929b550de976ea2e0291fbf0000000000000000000000000000000000000000000000000000000000000002000000000000000000000000c02aaa39b223fe8d0a0e5c4f27ead9083c756cc2000000000000000000000000a4e3aec813451a9b06b1cb8eb2a9f6100a68e95000000000000000000000000000000000000000000000000000000000,,,,,
9,b'\xe1\xea\xcd\x9bjB\x15\xc20\xcf\xd0\xa1\xea\xec\xad}\x94Q\xd2+\xf4UZ\x9e/\x81\xc8l\xa6\x8bC\x92',6328984,,,,,,,0x,,,,,
10,b'\xff\xcd\xac3\xf7\x01\x89\xeca\x07\x16\x86\x1b|\xa7\x1b\xee\xe8\xc0\xceQ\xb9\xec\xbcd\x9f\xde\x8a\x8c\xfe\xba{',4660478,,,,,,,0x,,,,,
11,b'\x83R\xcf\x87\n\xf9\x9be\xd0\x12\xdc\r*g\xb1\xa9\xe1@\xe4K\xfd\x88x\x9d\x82:g\x96\x93 \xc2*',140326,,,,,,,0xa9059cbb000000000000000000000000ca5669b800a24598e3e12039edb784efb86eafab0000000000000000000000000000000000000000000000000000000075999740,,,,,
12,"b""iV'\xb6\xf9\x87\xbb\x89\xad\x8d\x81-l(\x18\x1a\xf1eT\x8b\xceY5\x854\xf5\x8a\xcbG\xd7C\xeb""",1318833,,,,,,,0xa9059cbb000000000000000000000000efa25b8305c47813b88f15d18d9728fcb89d45a800000000000000000000000000000000000000000000000000000003f4ffaf9b,,,,,
13,b'l\xea\x03\x1e\xc6\x90f\xfb\xd7\x1cz<o\xb7\xf2\x19\x80t\xb3*\xceOu3\xefB[\xdf\x08\x0e\x01\xb7',6328985,,,,,,,0x,,,,,
14,"b'F/\xeb\xc3q\xc4\xef\xf9L7\x1dE>\x9c,s\xdc\xc3\xc1\x87]\xd48d\xeaiU\x13\x85\xae\xc3\xa1'",10,,,,,,,0x5ae401dc00000000000000000000000000000000000000000000000000000000620d87fa000000000000000000000000000000000000000000000000000000000000004000000000000000000000000000000000000000000000000000000000000000020000000000000000000000000000000000000000000000000000000000000040000000000000000000000000000000000000000000000000000000000000016000000000000000000000000000000000000000000000000000000000000000e4472b43f300000000000000000000000000000000000000030ff722c06df1ca1474b00d4e0000000000000000000000000000000000000000000000000c78215cd0dc98260000000000000000000000000000000000000000000000000000000000000080000000000000000000000000000000000000000000000000000000000000000200000000000000000000000000000000000000000000000000000000000000020000000000000000000000005e85796613a56960bbbfa95a2327a08d06d80d7d000000000000000000000000c02aaa39b223fe8d0a0e5c4f27ead9083c756cc200000000000000000000000000000000000000000000000000000000000000000000000000000000000000000000000000000000000000000000004449404b7c0000000000000000000000000000000000000000000000000c78215cd0dc98260000000000000000000000000c13d08d0a9fc05af037b3e91112c16a9dea702000000000000000000000000000000000000000000000000000000000,,,,,
15,b'\x91\xf9\x02\xd5=)\xc1\x91\x9brq]\xf0\xa1\xd5\x1d\x05\xfam\xc3\xbd\\\xa4l\xf7\xbe\xfa\x7f\xec\xe8Z\x17',1318834,,,,,,,0xa9059cbb000000000000000000000000547e09ba77d801f4828f73a19fefe605e35fa0f40000000000000000000000000000000000000000000000000000000005a995c0,,,,,
16,b'\xc4\xd9\x98\x9cv^\xd6\x07o\xc0\xbb\x1bw2Mh\xca\xf9m(\x86\xb6\xe3\xde<\x9e\xca\x049\xe5\xbfT',87,,,,,,,0xa22cb465000000000000000000000000f849de01b080adc3a814fabe1e2087475cf2e3540000000000000000000000000000000000000000000000000000000000000001,,,,,
17,b'\xb9\xebQP\x94\x96[L@V{\x82\xcfE\xb5\xb6\x8dF\x82\xa6\xc8\x0c@\x02N6\xc0\xbfVAK\x17',641,,,,,,,0x,,,,,
18,b'T\x7f\xd0\xc0?:\xb1\x93\x9f\xb9\xf5\xa8I\x04T\x8a\x94\xad\xa5\xd1<\n\xb7\xe9\xc0\xd3{d\x98mG\xd5',52,,,,,,,0x095ea7b300000000000000000000000068b3465833fb72a70ecdf485e0e4c7bd8665fc45ffffffffffffffffffffffffffffffffffffffffffffffffffffffffffffffff,,,,,
19,b'\xba\xad\x0b\xcd\xa0!\xe5\xd8as_\xf0o1u.s\xacS\x02\xa4\x18\xb3Q\xb9\xf3\xb3)EP\xbf\xc2',4301,,,,,,,0x095ea7b300000000000000000000000068b3465833fb72a70ecdf485e0e4c7bd8665fc45ffffffffffffffffffffffffffffffffffffffffffffffffffffffffffffffff,,,,,
20,"b'\x99\xa4\x00kr\xf4b\x99\x82w\x04\xf4\xa3\xd6\xd6`\x95[\x110\x1c\x11\xfe\x9c\xa3,T\xe0\x9d\xe2\xa6\x94'",33,,,,,,,0x05eec2890000000000000000000000000000000000000000000000000000000000000001,,,,,
21,b'\\&\xefYt/`\xad\xb7\x91\xd7\x98\x9dq2\x06\xba\xa9\x06\xf1\xe1\xda$DE\xe9\x1fD{\xab<#',180,,,,,,,0x5ae401dc00000000000000000000000000000000000000000000000000000000620d881a00000000000000000000000000000000000000000000000000000000000000400000000000000000000000000000000000000000000000000000000000000001000000000000000000000000000000000000000000000000000000000000002000000000000000000000000000000000000000000000000000000000000000e4472b43f300000000000000000000000000000000000000000000000004513fcd3d9fc000000000000000000000000000000000000000000000000000318481a4e2da7c880000000000000000000000000000000000000000000000000000000000000080000000000000000000000000f80ebc544950556095b34e20444ef4e8e5a79db00000000000000000000000000000000000000000000000000000000000000002000000000000000000000000c02aaa39b223fe8d0a0e5c4f27ead9083c756cc200000000000000000000000029ff61f91efb4084451db04a6502526e38170a6a00000000000000000000000000000000000000000000000000000000,,,,,
22,b' \xcb9FO\x97\xf1\xcc\x84X\x85g\x13\x8e\\H\x9a.\xe2\xf0 \xf6;\xb3\xac\xba\x9fa\xde\x05\x9e\xf4',1130,,,,,,,0xa22cb465000000000000000000000000f849de01b080adc3a814fabe1e2087475cf2e3540000000000000000000000000000000000000000000000000000000000000001,,,,,
23,b'\xe7\x1aos\xda\xb7\xa3Y\xba\xd5\xe2\xe5q\x87\x19\xf7AB\n\xa45\xa3J\x96\x88\xcc\xfd\xc4\xe5\x93\xf6\x99',567,,,,,,,0x095ea7b300000000000000000000000068b3465833fb72a70ecdf485e0e4c7bd8665fc45ffffffffffffffffffffffffffffffffffffffffffffffffffffffffffffffff,,,,,
24,b'ha>\xbb\x82PG3\x9e\xef\xee\x17\x98\x92\xa4\xed\xb8\xf3\x91\x8b\xf1\xbb\xa1\x94-.t\xb7S\xa6\xb45',0,,,,,,,0x,,,,,
25,"b'\xf4C6\xbet\xf7X>\xce\x1a`i\xb7\xa7""T<\xde\x8c\xe46\xef\xaf\xef\x10\x1eU&\xb6\xf9r\x8f'",0,,,,,,,0x,,,,,
26,"b'\xd2\xee8\x11\xfa\xe0\xa3\x8a\xf1\x8b\xd5s\x99""\x15\x83EU&p\xed\x7f\xefs1\x9f\xd2\x19\xca\x83\xc5\xbb'",0,,,,,,,0x,,,,,
27,b'\x17\xebI-\x8a\xce\xbcN1 \x8cBa02\x97(L\xf6\xcf\xe7\x8c\xde\xa8\x83\xf0n\xb7\x19\xac\xe9\x80',0,,,,,,,0x,,,,,
28,b'n\x8e\xee\xcer\x0f\xfd\x82\xe7L\x13\x8e\xe0\xc4|\x10\xdd\x8c\xae&f\xad\xacx\xf4\x87\xd5\xe1\x16\xfd\t\xcd',0,,,,,,,0x,,,,,
29,b'\x8eF;\x04\xc7y\xee\x02\xf1Mw-\x18s\x11\x15Oi\x979dYnO\xa4\x8f\xcd\x836\x1a\x93\xf5',0,,,,,,,0x,,,,,
30,b'\x9b\xdc\x1co\x1b\xe4\x19lK\xbf\xa9\x1f\xfb+1\xb2W\xac\xf3E;\x8b\x8eJ\xbaQK(\x0c\x84\xe77',0,,,,,,,0x,,,,,
31,b'\xf9\x16}\x92\x1bY3\x8a4\x01\x1f\xa7Z)$\xaf\xd1*\xe7>/\xeb{\x82\x16\xf6\x87\xcew\xcb\x18\x7f',25,,,,,,,0x,,,,,
32,"b""\x83\x9dk\x10}\xef\xfemQ\xd1i\x80\xcc\x98\xdfT\xf4\xf3\x94\xde'\xa6j\xd2\xd4Z\xbf\xf5I \xd7~""",0,,,,,,,0x,,,,,
33,b'{0`\xc7\xc8\xe7\xf6[(\x89\xa2\xe4\x86X\x98\x07\xb4\xed\xd9\x98L\xa8M\xc1>\x8a%\xafh\x9b\xba_',0,,,,,,,0x,,,,,
34,b'\xe4\x85\xc4\xa8s\xa24\x960\r\xc7M\xe6\xab\xc1t_\xb0k\xe3\x9a\xf0\xe7\xfb\xd9\xd0\xf8}e\xb6\x1c\xb7',0,,,,,,,0x,,,,,
35,b'\x0cG\xf1\xbfN2\x9bp\x83\xce\xa8\xc7\xb9\xec\xe9\xbe\xdc\xbe3\xc3\x8b7\xb3n\x00\xf5\x99\xb3\x00\x99\xbd&',0,,,,,,,0x,,,,,
36,"b'\x87\xd7\xfe#\xf3\xbf\x87h\xd7,\x97\xd3Y\xd8\xfc\xae\x14_)\xf2\x83\xc1G]S\x8fG\x02j\n$\xf7'",0,,,,,,,0x,,,,,
37,b'\xf2\xd7-\x0et\x94WH]\xaan\x010\xb5%+\xf8\xe1\xdd\x07\x10\xae\xbf\x91\x83\x08\xe4V\xe4>Z\xf5',0,,,,,,,0x,,,,,
38,b'\x8e\xe1\x19Z\xb7\x12g\xed\xd4?\xcf\xb2\x9c-\x8c\x8bq\x8eWLrn\xc0\xb2\xdb\xac\x9aY\xacf8\x81',53,,,,,,,0x095ea7b300000000000000000000000068b3465833fb72a70ecdf485e0e4c7bd8665fc45ffffffffffffffffffffffffffffffffffffffffffffffffffffffffffffffff,,,,,
39,"b""Q\xdc\xb4\x16\xa8\x93\xf4\xee\x01\xa2\xc3\xd5O|\x18\xcc\x98f\xb6\xc8\xc6'S\xb1O\x8e\xa9s\xd5-\xaf\xe6""",54,,,,,,,0x095ea7b300000000000000000000000068b3465833fb72a70ecdf485e0e4c7bd8665fc45ffffffffffffffffffffffffffffffffffffffffffffffffffffffffffffffff,,,,,
40,"b'\xcc\x84\xea\xa9\xabr\x95\x8e\xd5\xc7 \xcb\xe1\xde\xcd\xc8\xda\xe3V\xe3\xf6\xea^,\xb5n\xc5G\xe0Pk\x84'",4,,,,,,,0x095ea7b3000000000000000000000000401f6c983ea34274ec46f84d70b31c151321188bffffffffffffffffffffffffffffffffffffffffffffffffffffffffffffffff,,,,,
41,b':\x19\x88{*t\x9bf\xb5.NT?*\xa10}\x08\x05x1w\x1c\xce\x07\x12\x00\xef&\xc0\x8c]',4254,,,,,,,0x8dbdbe6d000000000000000000000000000000000000000000000000000000000000001100000000000000000000000000000000000000000000000ea1b157272672deb600000000000000000000000013fefdd563a930f07b1ac8a2227acc27c3c12946,,,,,
42,"b""\xef\x1b\xce\x96o#\xde'D\xe8\xc8\xfdLY\xb8\x80X\x86 \x80\x91b\xc8j\x918G\xf7-v\xbf\x7f""",47,,,,,,,0x5ae401dc00000000000000000000000000000000000000000000000000000000620d881a00000000000000000000000000000000000000000000000000000000000000400000000000000000000000000000000000000000000000000000000000000001000000000000000000000000000000000000000000000000000000000000002000000000000000000000000000000000000000000000000000000000000000e4472b43f30000000000000000000000000000000000000000000000004563918244f400000000000000000000000000000000000000000000000000000006bdc5f17cc90400000000000000000000000000000000000000000000000000000000000000800000000000000000000000003b099e77e5a27974daa5e03c572210f20c947c8e0000000000000000000000000000000000000000000000000000000000000002000000000000000000000000c02aaa39b223fe8d0a0e5c4f27ead9083c756cc2000000000000000000000000a4e3aec813451a9b06b1cb8eb2a9f6100a68e95000000000000000000000000000000000000000000000000000000000,,,,,
43,b'\xea\xb5\x16\xf6\xf7/\xd4\x04\xb5\xe8\xf7\xd8\x91\xb5H\xed\xe7\x87.\xb1\x8b\xa8\xca\xf0\xed\x15y\x82kvzq',60,,,,,,,0x5ae401dc00000000000000000000000000000000000000000000000000000000620d814e00000000000000000000000000000000000000000000000000000000000000400000000000000000000000000000000000000000000000000000000000000001000000000000000000000000000000000000000000000000000000000000002000000000000000000000000000000000000000000000000000000000000000e4472b43f30000000000000000000000000000000000000000000000000de0b6b3a7640000000000000000000000000000000000000000000000000000000148983de7e7430000000000000000000000000000000000000000000000000000000000000080000000000000000000000000d32bf22207415605e8a28f29f20b04080c03a8200000000000000000000000000000000000000000000000000000000000000002000000000000000000000000c02aaa39b223fe8d0a0e5c4f27ead9083c756cc2000000000000000000000000a4e3aec813451a9b06b1cb8eb2a9f6100a68e95000000000000000000000000000000000000000000000000000000000,,,,,
44,b'Q\x01\xea1\x7f@\xa9\xf2\x02\xd0\xc2\x9a\xab-\x82|\xf8\xbdd!\x13h3\xd69/\xfd@\xb0\x03^\x02',79,,,,,,,0x983b2d560000000000000000000000009f162b3131158a0ed539b8a962631eb954ccc155,,,,,
45,b'\xe4o0\x98\x898!\xdaE=#zh\xbe4\xf7\xd1T\xd8\x978\x8bm9\xbbu\xc9Yl\xf6\xc0\xfa',33,,,,,,,0xa22cb46500000000000000000000000032539e5a76c4b7776fe72cb3d9e759da813f0acf0000000000000000000000000000000000000000000000000000000000000001,,,,,
46,b'\xae\x05E\xfb~c_\xa7\xdc\x18\xec\xfc\xd2|ZuS(x\x05\xc1E\xec\xd1@<O\xf7\xf3\xc69C',50,,,,,,,0xa22cb465000000000000000000000000a4fcdd79d5e7bad4fbaa4dee9eecfb87ecfe3bc10000000000000000000000000000000000000000000000000000000000000001,,,,,
47,"b'!\xd9\xc8P,l>\xbf\xd5\x0eK**|\xa6\xbc\x0e\x03\xae\xfdN>`jg\xe9\xceb\x84\x85\xa9\x8b'",1168,,,,,,,0xa22cb46500000000000000000000000021edd74b2792a173bde70a9531f30b271b8bd0a50000000000000000000000000000000000000000000000000000000000000001,,,,,
48,b':\xfd\xbb^0(o3f\xda\xd1\xb6:\x82\xc0.9\x18C[\xc0\xd2\n\xc1\x8f[\x85\xd5+s\xd9F',771,,,,,,,0x5ae401dc00000000000000000000000000000000000000000000000000000000620d881a00000000000000000000000000000000000000000000000000000000000000400000000000000000000000000000000000000000000000000000000000000001000000000000000000000000000000000000000000000000000000000000002000000000000000000000000000000000000000000000000000000000000000e404e45aaf000000000000000000000000c02aaa39b223fe8d0a0e5c4f27ead9083c756cc20000000000000000000000007d647b1a0dcd5525e9c6b3d14be58f27674f8c950000000000000000000000000000000000000000000000000000000000002710000000000000000000000000770d42d8a246e26c675e69080cea9b4d584ddf7d0000000000000000000000000000000000000000000000000429d069189e000000000000000000000000000000000000000000000000000238d54db7f6fa263a000000000000000000000000000000000000000000000000000000000000000000000000000000000000000000000000000000000000000000000000,,,,,
49,b'\xc9\x12\x1a\xe2\xef\xff0\x96\x92Q\x164\xf4\x04\xc8\xe9\x95\xad\xba\xc7\x16\xfa\xc0\x1f\xbb\xd6\xe2F\x1e\xc3\x08\x80',78,,,,,,,0xafc9a71b00000000000000000000000000000000000000000000000000000000000000020000000000000000000000000000000000000000000000000000000000000000,,,,,
50,b'\x91\xe8\xba\x82T\x19\x1ab\xa2m\x12\x16\xb0&\xe0\x87\x04C\x18a\x94\xe9u\x052\xaf\x7f\xb8\xd6}\x9dm',0,,,,,,,0x095ea7b30000000000000000000000003ac551725ac98c5dcdea197ceaae7cdb8a71a2b4ffffffffffffffffffffffffffffffffffffffffffffffffffffffffffffffff,,,,,
51,"b'\x04\xe9\x1c\x1b\xf5\xe1\x97\xac\xca\xf3\xdci5g\x10;4(\x1bY""c\x9a\xdb. \x1b\xf6e\xbe\xbcW'",18,,,,,,,0x38ed17390000000000000000000000000000000000000000000000ed12484fc43f00975c00000000000000000000000000000000000000000000000000000001d0ca31f400000000000000000000000000000000000000000000000000000000000000a0000000000000000000000000e6f4dbaff80ce263324e8eb15001bc863fa6bb7700000000000000000000000000000000000000000000000000000000620d85a2000000000000000000000000000000000000000000000000000000000000000300000000000000000000000026c8afbbfe1ebaca03c2bb082e69d0476bffe099000000000000000000000000c02aaa39b223fe8d0a0e5c4f27ead9083c756cc2000000000000000000000000dac17f958d2ee523a2206206994597c13d831ec7,,,,,
52,b'\xd5\xec\xcc\xa4\xee\xac\xd6\xe5\xb3\xa58=v\x98D\x1aQD\xd7\xe6\xba\xa6bV\x96\xbd-\xde{\x81\xe7\x89',16,,,,,,,0xe68b673e00000000000000000000000000000000000000000000000000000000000000400000000000000000000000000000000000000000000000000000000000000080000000000000000000000000000000000000000000000000000000000000000100000000000000000000000000000000000000000000000000000000000000040000000000000000000000000000000000000000000000000000000000000001000000000000000000000000000000000000000000000000000000000000002000000000000000000000000000000000000000000000000000000000000000400000000000000000000000003c68e525c4cd22b8dfb6f6b8af5fc59fdd6ba43e000000000000000000000000c02aaa39b223fe8d0a0e5c4f27ead9083c756cc2,,,,,
